{
  "title": "MXene EIS Analysis (Nano Energy) \u2014 Reproducibility Package",
  "upload_type": "software",
  "description": "Reproducibility package for MXene electrochemical impedance spectroscopy (EIS) analysis using classical nonlinear least squares and quantum-inspired/quantum optimization branches (VQE/VQA continuous decoding and QAOA discrete QUBO/Ising mapping). Includes all figures, tables, and processed datasets used in the associated manuscript.",
  "creators": [
    {
      "name": "Wu, Sheng-Yun",
      "affiliation": "National Dong Hwa University, Taiwan",
      "orcid": "<ORCID_PLACEHOLDER>"
    }
  ],
  "license": "MIT",
  "access_right": "open",
  "keywords": [
    "EIS",
    "MXene",
    "electrochemical impedance spectroscopy",
    "equivalent circuit",
    "QAOA",
    "VQE",
    "variational algorithms",
    "quantum optimization"
  ],
  "notes": "For Nano Energy: Code and data availability. Please cite the Zenodo DOI generated for the tagged release.",
  "related_identifiers": [
    {
      "identifier": "https://github.com/<YOUR_GITHUB_ORG_OR_USER>/mxene-eis-nanoenergy",
      "relation": "isSupplementTo",
      "resource_type": "software"
    }
  ]
}